|
ACIDUM|ACIDUM
ADAM SCHULTE|ADAM SCHULTE
ALTE WESER|ALTE WESER
ANITA|ANITA
ANNIE HILLINA|ANNIE HILLINA
APL MINNESOTA|APL MINNESOTA
ARABELLA|ARABELLA
ARC DEFENDER|ARC DEFENDER
ARKLOW BANK|ARKLOW BANK
ARTEMIS|ARTEMIS
ASIAN DYNASTY|ASIAN DYNASTY
ASTRAL|ASTRAL
ATAIR|ATAIR
AUE|AUE
AUTOPRESTIGE|AUTOPRESTIGE
AUTOSTAR|AUTOSTAR
AYR|AYR
BBC PLATA|BBC PLATA
BCF SPRINTER|BCF SPRINTER
BHV ATHLET|BHV ATHLET
BHV HERCULES|BHV HERCULES
BIRGIT G|BIRGIT G
BLEXEN|BLEXEN
BONAS|BONAS
BREMEN|BREMEN
BREMERHAVEN|BREMERHAVEN
BROOKLANDS|BROOKLANDS
BUGSIER 1|BUGSIER 1
BUGSIER 3|BUGSIER 3
BUNKER SERVICE 11|BUNKER SERVICE 11
BURKANA|BURKANA
BUXCLIFF|BUXCLIFF
BVT FORMIDABLE|BVT FORMIDABLE
CALYPSO|CALYPSO
CAPELLA|CAPELLA
CELERIUS|CELERIUS
CELINE|CELINE
CORA|CORA
CT PACHUCA|CT PACHUCA
CYPRUS CEMENT|CYPRUS CEMENT
DELPHIS FINLAND|DELPHIS FINLAND
DENEB|DENEB
D-HEGO|D-HEGO
DIONE|DIONE
DOLPHIN|DOLPHIN
EASTERN VANQUISH|EASTERN VANQUISH
EBBA2|EBBA2
EDT AEOLUS|EDT AEOLUS
EEMS SEA|EEMS SEA
EIKE OLDENDORFF|EIKE OLDENDORFF
ELBWATER|ELBWATER
FAIRPLAY-34|FAIRPLAY-34
FAIRPLAY-50|FAIRPLAY-50
FAIRPLAY-53|FAIRPLAY-53
FAIRPLAY-82|FAIRPLAY-82
FAIRPLAY-86|FAIRPLAY-86
FAKO NAMME MENYOLI I|FAKO NAMME MENYOLI I
FALKE|FALKE
FARMSUMERDIEP|FARMSUMERDIEP
FINJA|FINJA
FLORIAN|FLORIAN
FRANZIUSPLATE|FRANZIUSPLATE
FREDO|FREDO
FRYA|FRYA
FS HEINCKE|FS HEINCKE
GASCHEM DOLLART|GASCHEM DOLLART
GEESTEMUENDE|GEESTEMUENDE
GERDA MARIA|GERDA MARIA
GLOVIS CENTURY|GLOVIS CENTURY
GOODWOOD|GOODWOOD
GRAND PHOENIX|GRAND PHOENIX
GRAND SAPPHIRE|GRAND SAPPHIRE
GREENPORTS 1|GREENPORTS 1
HANSA|HANSA
HERMANN RUDOLF MEYER|HERMANN RUDOLF MEYER
HOEGH ASIA|HOEGH ASIA
HOEGH DETROIT|HOEGH DETROIT
HOL BLANK|HOL BLANK
HYPERION|HYPERION
IEVOLI AMBER|IEVOLI AMBER
INGEBORG PILOT|INGEBORG PILOT
JAN|JAN
JANA|JANA
KADDY|KADDY
KAI OLDENDORFF|KAI OLDENDORFF
KALIMANTAN EXPRESS|KALIMANTAN EXPRESS
KLARIKA|KLARIKA
KRISTIN|KRISTIN
KS 3|KS 3
KS 5|KS 5
KS 6|KS 6
KUGELBAKE|KUGELBAKE
LAKE SUPERIOR|LAKE SUPERIOR
LASCOMBES|LASCOMBES
LEIRO|LEIRO
LEMY|LEMY
LESMONA|LESMONA
LEV TORNADO|LEV TORNADO
LINDO|LINDO
MADICKEN|MADICKEN
MARK|MARK
MARU|MARU
MED SIRIUS|MED SIRIUS
MED VEGA|MED VEGA
MEDWAY|MEDWAY
MORNING LADY|MORNING LADY
MORNING LENA|MORNING LENA
MORNING PRIDE|MORNING PRIDE
MSC VERA F|MSC VERA F
MS JUTLAND|MS JUTLAND
NABUCCO|NABUCCO
NADIR|NADIR
NECKARBORG|NECKARBORG
NIDA|NIDA
NORDENHAM|NORDENHAM
NORDERGRUENDE|NORDERGRUENDE
NORDIC STAVANGER|NORDIC STAVANGER
NORMAND SAPPHIRE|NORMAND SAPPHIRE
NOVA|NOVA
ONEGO BAYOU|ONEGO BAYOU
ORAKAI|ORAKAI
ORAMALIA|ORAMALIA
OSTBORG|OSTBORG
OTTER|OTTER
PASILA|PASILA
PATRIA|PATRIA
PAULIN-B|PAULIN-B
PAVO BRAVE|PAVO BRAVE
PETRA|PETRA
PIZ BEVER|PIZ BEVER
PLATAANBORG|PLATAANBORG
POSEIDON LEADER|POSEIDON LEADER
QUARANTAENE|QUARANTAENE
REGINA-K|REGINA-K
RHR1|RHR1
RIX MARINER|RIX MARINER
RIX ONYX|RIX ONYX
ROSTRUM|ROSTRUM
RT EMOTION|RT EMOTION
RT PIONEER|RT PIONEER
SANDERLING ACE|SANDERLING ACE
SATURN|SATURN
SCHALL|SCHALL
SEACOD|SEACOD
SEAGULL|SEAGULL
SEAMARLIN|SEAMARLIN
SEEADLER|SEEADLER
SEELAND|SEELAND
SELENE PRAHM|SELENE PRAHM
SERO|SERO
SHEFFIELD|SHEFFIELD
SIDER BEAR|SIDER BEAR
SINGELGRACHT|SINGELGRACHT
SKYLINE S|SKYLINE S
SORMOVSKIY-53|SORMOVSKIY-53
SPIRIT OF DISCOVERY|SPIRIT OF DISCOVERY
STAR CURACAO|STAR CURACAO
STAR ISFJORD|STAR ISFJORD
STARNES|STARNES
STINNES PASSAT|STINNES PASSAT
SULPHUR GENESIS|SULPHUR GENESIS
SVITZER HEIMDAL|SVITZER HEIMDAL
SVITZER RAN|SVITZER RAN
SVITZER ROTA|SVITZER ROTA
SVITZER VALE|SVITZER VALE
SZARE SZEREGI|SZARE SZEREGI
TANNHAUSER|TANNHAUSER
TAUCHER BREMENPORTS|TAUCHER BREMENPORTS
TENNOR OCEAN|TENNOR OCEAN
THESEUS|THESEUS
THOR|THOR
TIDE|TIDE
TOREADOR|TOREADOR
UBENA VON BREMEN|UBENA VON BREMEN
ULLA RINMAN|ULLA RINMAN
VALDAY|VALDAY
VB BLUMENTHAL|VB BLUMENTHAL
VB BREMEN|VB BREMEN
VB BREMERHAVEN|VB BREMERHAVEN
VB GEESTE|VB GEESTE
VB RECHTENFLETH|VB RECHTENFLETH
VB WILHELMSHAVEN|VB WILHELMSHAVEN
VERITY|VERITY
VETAG 8|VETAG 8
VIKING AMBER|VIKING AMBER
VISSEL|VISSEL
VISURA|VISURA
VISURGIS|VISURGIS
VOORNEDIJK|VOORNEDIJK
WAL|WAL
WALTHER HERWIG III|WALTHER HERWIG III
WALTHER H|WALTHER H
WEGA|WEGA
WESER|WESER
WESERLOTSE|WESERLOTSE
WESERTANK 22|WESERTANK 22
WILMA|WILMA
WILSON BRAKE|WILSON BRAKE
WILSON GIJON|WILSON GIJON
WILSON NANJING|WILSON NANJING
WIND LIFT 1|WIND LIFT 1
WSP 3|WSP 3
WSP 4|WSP 4
ZENIT|ZENIT
